t,eta_lin,eta_0p01,eta_0p1,eta_0p5
0.0,1.0,1.0000000000000009,0.9999999999999998,1.0000000000000002
0.05,1.0134670974134408,1.0130318472438948,1.0089789423358553,0.9881996162389595
0.1,1.026101907517694,1.025214768312177,1.0169896988741634,0.9758970901919504
0.15,1.0378800800296635,1.03652526202771,1.0240190153575424,0.9631141835058974
0.2,1.0487777869875072,1.0469404243717229,1.0300547691615702,0.9498711489196403
0.25,1.0587717540403927,1.056437978219693,1.0350859624026099,0.9361868037892764
0.3,1.0678392916179988,1.064996302629706,1.0391027123484797,0.9220786022264071
0.35000000000000003,1.075958325946702,1.0725944616492566,1.0420962392911537,0.9075627053128661
0.4,1.0831074298790755,1.0792122326082065,1.0440588520484972,0.892654048977515
0.45,1.0892658535030482,1.0848301338661437,1.0449839312680642,0.8773664092242444
0.5,1.094413554496831,1.089429451983337,1.0448659107106162,0.8617124644874188
0.55,1.0985312281954849,1.092992268286852,1.0437002566941556,0.8457038549635023
0.6,1.1016003373348409,1.095501484802297,1.0414834458810618,0.8293512388274331
0.65,1.1036031414383007,1.0969408495261512,1.0382129415912633,0.8126643452911917
0.7000000000000001,1.104522725811955,1.0972949810115429,1.0338871688236417,0.795652024501311
0.75,1.1043430301133366,1.0965493922438951,1.0285054881657973,0.7783222943033323
0.8,1.1030488764590993,1.094690513783525,1.0220681687693,0.7606823839255081
0.85,1.1006259970368697,1.0917057161530241,1.0145763605635572,0.742738774652542
0.9,1.0970610611865481,1.0875833314499816,1.0060320658764499,0.7244972375737311
0.9500000000000001,1.0923417019163761,1.0823126741650868,0.9964381106243958,0.705962868499362
1.0,1.0864565418191707,1.0758840611886367,0.9857981152280304,0.6871401201453204
1.05,1.0793952183542632,1.068288830989239,0.9741164654030421,0.6680328316892152
1.1,1.0711484084608027,1.0595193619491239,0.9613982829682499,0.6486442558023569
1.1500000000000001,1.0617078524683232,1.0495690898429944,0.9476493968054112,0.6289770832611901
1.2,1.0510663772706628,1.0384325244479853,0.9328763140973428,0.6090334652395544
1.25,1.0392179187296173,1.0261052652733027,0.9170861919628037,0.5888150333798026
1.3,1.0261575432750094,1.0125840163999866,0.9002868095984973,0.5683229177365503
1.35,1.0118814686681896,0.9978666004218817,0.8824865410301441,0.5475577626819474
1.4000000000000001,0.996387083896386,0.9819519714803993,0.8636943285666765,0.5265197408559803
1.45,0.9796729681657163,0.9648402273870982,0.8439196570433383,0.5052085652395857
1.5,0.9617389089611504,0.946532620827667,0.8231725289317271,0.483623499422422
1.55,0.9425859191422064,0.9270315696440323,0.8014634403870713,0.4617633661311571
1.6,0.9222162530436859,0.9063406661907969,0.7788033582957077,0.4396265540779869
1.6500000000000001,0.9006334215513433,0.8844646857634642,0.7552036983785371,0.41721102318313696
1.7,0.8778422061229832,0.8614095940970734,0.7306763043995046,0.39451430821916555
1.75,0.8538486717261358,0.8371825539341793,0.7052334285216877,0.3715335209190458
1.8,0.8286601786641452,0.8117919306625421,0.6788877128475079,0.3482653505844857
1.85,0.8022853932632356,0.7852472970222846,0.6516521721738766,0.32470606322551654
1.9000000000000001,0.7747342973938749,0.7575594368843919,0.6235401779877825,0.30085149925727594
1.95,0.7460181968005672,0.7287403481021415,0.5945654437229586,0.27669706977510455
2.0,0.7161497282150363,0.6988032444371739,0.5647420112935853,0.25223775142456084
2.05,0.685142865228641,0.667762556563134,0.5340842389171152,0.22746807987883888
2.1,0.6530129229007705,0.6356339321496818,0.5026067902341935,0.2023821419323899
2.15,0.619776561080926,0.6024342350295364,0.4703246247305859,0.17697356621628635
2.2,0.5854517864231636,0.5681815434524506,0.437252989462773,0.1512355125381708
2.25,0.5500579530726069,0.5328951474290133,0.40340741208624853,0.12516065984753433
2.3000000000000003,0.5136157620047783,0.49659554516809923,0.36880369518317635,0.0987411928256623
2.35,0.4761472589996011,0.4593044386106526,0.3334579118840686,0.07196878709899002
2.4,0.4376758312330225,0.4210447280639462,0.2973864027762274,0.04483459307491344
2.45,0.3982262024703901,0.3818405059391128,0.2606057740903378,0.01732921840050139
2.5,0.35782442684687626,0.3417170495943256,0.22313289715530593,-0.01055729095278335
2.5500000000000003,0.3164978812214721,0.3007008132873912,0.1849849091103184,-0.038835470971195996
2.6,0.2742752560923261,0.25881941923919793,0.14617921486244523,-0.06751646123464483
2.65,0.23118654506246525,0.2161016478099853,0.10673349027734536,-0.09661202788570233
2.7,0.18726303284625984,0.17257742679054333,0.06666568659023264,-0.12613458790082377
2.75,0.14253728180831612,0.12827781980874198,0.02599403602387307,-0.1560972346200884
2.8000000000000003,0.09704311702784466,0.08323501385187893,-0.01526294139971296,-0.18651376447583012
2.85,0.05081560988294522,0.03748230590527868,-0.05708642986741341,-0.21739870484083612
2.9,0.0038910601506533826,-0.008945911294244713,-0.09945730861653512,-0.24876734289284963
2.95,-0.043693023379961594,-0.05601416439110496,-0.14235614162320553,-0.2806357553631398
3.0,-0.09189794378290297,-0.10368591543192807,-0.18576316615107835,-0.3130208390021514
3.0500000000000003,-0.14068383835833578,-0.15192357877763518,-0.2296582801737146,-0.34594034155372255
3.1,-0.19000970248192242,-0.20068853890978788,-0.27402102868390954,-0.37941289298011327
3.15,-0.23983341493716642,-0.24994116913626963,-0.31883058890323057,-0.4134580366217864
3.2,-0.2901117647259701,-0.2996408512000337,-0.36406575440497413,-0.44809625990730306
3.25,-0.3408004793510667,-0.34974599579808974,-0.40970491816381127,-0.48334902414822545
3.3000000000000003,-0.3918542545624189,-0.4002140640156915,-0.4557260545456032,-0.5192387928598967
3.35,-0.44322678555807427,-0.45100158968448545,-0.5021067002510182,-0.5557890579395242
3.4,-0.4948707996284022,-0.5020642026717481,-0.5488239342269996,-0.5930243629059826
3.45,-0.5467380902309893,-0.5533566531093714,-0.5958543565606411,-0.630970322259067
3.5,-0.5987795524818885,-0.6048328365732214,-0.6431740663707297,-0.6696536358469931
3.5500000000000003,-0.650945220047263,-0.6564458202212853,-0.6907586387130071,-0.7091020969373675
3.6,-0.7031843034178571,-0.7081478699029642,-0.7385831005162979,-0.7493445924659609
3.65,-0.7554452295470677,-0.7598904782505023,-0.7866219055679613,-0.7904110936868335
3.7,-0.8076756828317578,-0.811624393764121,-0.8348489085686273,-0.8323326351642485
3.75,-0.8598226474133126,-0.8632996509042812,-0.883237338277949,-0.8751412797291869
3.8000000000000003,-0.9118324507747936,-0.9148656012031631,-0.9317597697752378,-0.9188700666695211
3.85,-0.9636508086083966,-0.9662709454099305,-0.9803880958612132,-0.9635529400322048
3.9,-1.0152228709257871,-1.0174637666829578,-1.0290934976298893,-1.0092246534886204
3.95,-1.066493269382254,-1.068391564842719,-1.0778464142425626,-1.0559206477525906
4.0,-1.1174061657839838,-1.1190012917007608,-1.1266165119395433,-1.10367689604902
4.05,-1.1679053017461565,-1.1692393874780604,-1.175372652328981,-1.152529712617277
4.1,-1.2179340494679258,-1.2190518183280874,-1.2240828599965792,-1.2025155187089698
4.15,-1.2674354635887757,-1.2683841149778496,-1.27271428948469,-1.2536705600215474
4.2,-1.3163523340891432,-1.317181412502011,-1.3212331916946118,-1.3060305690206648
4.25,-1.3646272401966397,-1.365388491243158,-1.369604879771671,-1.359630365176685
4.3,-1.4122026052576313,-1.4129498188921619,-1.4177936945390768,-1.414503385815081
4.3500000000000005,-1.4590207525324281,-1.459809593740935,-1.4657629695533814,-1.4706811401086857
4.4,-1.5050239618707975,-1.5059117891194296,-1.5134749958620208,-1.5281925787863608
4.45,-1.5501545272230477,-1.5512001990293678,-1.5608909865515697,-1.5870633724759444
4.5,-1.5943548149404363,-1.595618484983119,-1.607971041184223,-1.6473150923317779
4.55,-1.6375673228172363,-1.6391102240584265,-1.6546741102296814,-1.7089642878248026
4.6000000000000005,-1.6797347398253717,-1.6816189581756347,-1.7009579596099456,-1.7720214584138008
4.65,-1.7208000064911557,-1.7230882446044982,-1.7467791354857887,-1.8364899183945331
4.7,-1.7607063758623087,-1.7634617077043835,-1.7920929294256005,-1.9023645576638775
4.75,-1.7993974750121133,-1.80268309190188,-1.836853344110344,-1.9696305055518837
4.8,-1.836817367026287,-1.8406963159050216,-1.8810130597421448,-2.0382617103525913
4.8500000000000005,-1.8729106134169045,-1.8774455281542535,-1.924523401338929,-2.108219453764329
4.9,-1.9076223369064875,-1.9128751635052677,-1.9673343071134153,-2.1794508271000392
4.95,-1.940898284524224,-1.9469300011379365,-2.0093942981517188,-2.2518872047156577
5.0,-1.9726848909551393,-1.9795552236815839,-2.0506504496249667,-2.325442759366412
5.05,-2.002929342081977,-2.0106964775450042,-2.0910483637866437,-2.400013073714679
5.1000000000000005,-2.0315796386584943,-2.0402999344353856,-2.130532145028948,-2.475473911375329
5.15,-2.0585846600518996,-2.0683123540472304,-2.1690443772933277,-2.551680218904014
5.2,-2.0838942279912214,-2.0946811478991467,-2.206526104153651,-2.6284654360459756
5.25,-2.107459170257495,-2.1193544442918544,-2.2429168119150944,-2.7056411942753034
5.3,-2.129231384250834,-2.1422811543573506,-2.278154416098148,-2.7829974820291534
5.3500000000000005,-2.149163900368654,-2.163411039164309,-2.31217525170468,-2.860303348016846
5.4,-2.1672109451286032,-2.182694777840677,-2.3449140676925495,-2.937308200732155
5.45,-2.183328003969069,-2.200084036669514,-2.3763040261160793,-3.013743742403933
5.5,-2.1974718836595257,-2.215531539109916,-2.4062767064225232,-3.089326549261619
5.55,-2.2096007742524324,-2.228991136688474,-2.434762115428942,-3.163761278078634
5.6000000000000005,-2.2196743105078967,-2.2404178807029718,-2.4616887035401858,-3.236744443204041
5.65,-2.227653632721887,-2.2497680946732435,-2.4869833878065073,-3.307968671186165
5.7,-2.2335014468884227,-2.256999447469743,-2.5105715824589647,-3.377127304717722
5.75,-2.237182084125844,-2.2620710270431887,-2.5323772376020703,-3.4439191973789045
5.8,-2.238661559297063,-2.264943414674392,-2.552322886786016,-3.5080535188071797
5.8500000000000005,-2.237907628753496,-2.265578759655562,-2.5703297042250406,-3.5692543792049483
5.9,-2.2348898471322944,-2.2639408543096873,-2.5863175724740937,-3.627265084245786
5.95,-2.2295796231364724,-2.2599952092475784,-2.6002051614224553,-3.6818518468888444
6.0,-2.221950274227528,-2.2537091287558986,-2.6119100195100162,-3.732806810351069
6.05,-2.2119770801603305,-2.245051786203145,-2.621348678119295,-3.779950274152826
6.1000000000000005,-2.199637335290161,-2.2339942993440554,-2.6284367701431286,-3.823132059317918
6.15,-2.184910399582108,-2.220509805396964,-2.6330891637737297,-3.862231995444108
6.2,-2.167777748253315,-2.204573535761145,-2.6352201126026165,-3.8971595573674547
6.25,-2.148223019978997,-2.1861628902358987,-2.6347434231616673,-3.92785271887358
6.3,-2.1262320635936223,-2.165257510596341,-2.631572641071991,-3.9542761225694054
6.3500000000000005,-2.1017929832192146,-2.1418393533743085,-2.6256212569978574,-3.9764186869301454
6.4,-2.0748961817533518,-2.1158927616874545,-2.6168029336259866,-3.9942907831493617
6.45,-2.0455344026501674,-2.08740453595343,-2.605031754903664,-4.007921116267987
6.5,-2.013702769928426,-2.05636400332021,-2.5902224987703324,-4.017353438485073
6.55,-1.9793988263416262,-2.022763085638346,-2.5722909346034606,-4.022643209426616
6.6000000000000005,-1.9426225696460149,-1.986596365796034,-2.5511541465676624,-4.023854300558459
6.65,-1.90337648690342,-1.9478611522328326,-2.5267308840024403,-4.021055820921769
6.7,-1.8616655867568999,-1.906557541443743,-2.4989419399049138,-4.014319120751333
6.75,-1.8174974296184103,-1.8626884782811826,-2.4677105584546544,-4.003715009754026
6.8,-1.7708821557088819,-1.8162598138591224,-2.4329628723840857,-3.9893112089147627
6.8500000000000005,-1.721832510892515,-1.7672803608607013,-2.3946283708141625,-3.971170039299442
6.9,-1.670363870248425,-1.715761946047678,-2.3526403979464248,-3.949346338730617
6.95,-1.6164942593243004,-1.6617194597694285,-2.306936682722922,-3.923885587438896
7.0,-1.560244373018311,-1.6051709022667282,-2.2574598992299633,-3.8948222166635382
7.05,-1.50163759203708,-1.546137426566463,-2.20415825722409,-3.8621780693928187
7.1000000000000005,-1.4406999968792982,-1.4846433777621515,-2.1469861216947383,-3.8259609796495146
7.15,-1.377460379296349,-1.4207163284781221,-2.0859046598425066,-3.786163435591515
7.2,-1.3119502511831218,-1.354387110314903,-2.0208825132421793,-3.742761291906545
7.25,-1.2442038508541642,-1.2856898410782747,-1.9518964922727566,-3.695712498301198
7.3,-1.1742581466623574,-1.2146619475966847,-1.8789322891332816,-3.644955813183093
7.3500000000000005,-1.1021528379192773,-1.141344183936066,-1.8019852049243823,-3.5904094748948876
7.4,-1.0279303530786854,-1.065780644828207,-1.7210608853668996,-3.5319698072041117
7.45,-0.9516358451466856,-0.9880187741338253,-1.636176058758474,-3.469509741474348
7.5,-0.8733171842844336,-0.9081093681686192,-1.5473592687491666,-3.4028772455345973
7.55,-0.7930249475716595,-0.8261065737311779,-1.4546515934646986,-3.3318936594676662
7.6000000000000005,-0.7108124059015716,-0.7420678806782544,-1.358107341442828,-3.2563519524110394
7.65,-0.6267355079803326,-0.6560541089058458,-1.2577947138013301,-3.1760149334537964
7.7,-0.5408528614067097,-0.5681293896040773,-1.1537964210583485,-3.0906134757605406
7.75,-0.4532257108101681,-0.4783611406676824,-1.0462102421148367,-2.9998448486973928
7.8,-0.363917913028357,-0.3868200361567098,-0.9351495121279474,-2.9033713012214832
7.8500000000000005,-0.2729959093075474,-0.2935799697162178,-0.8207435254005269,-2.8008191051449014
7.9,-0.18052869451249773,-0.19871801187967275,-0.7031378390360721,-2.691778353864744
7.95,-0.0865877833349002,-0.10231436119642057,-0.5824944630119488,-2.575803926037547
8.0,0.00875282650747612,-0.004452289140743915,-0.4589919225582262,-2.4524181696099636
8.05,0.105416694085913,0.09478192122204243,-0.3328251793424286,-2.3211160432622324
8.1,0.2033249780922141,0.19529904281874177,-0.20420539899435153,-2.18137366937059
8.15,0.3023964826855128,0.2970069783878926,-0.07335955399143335,-2.0326614965255314
8.2,0.4025477063503563,0.39981084050291216,0.059470147115830985,-1.8744635170168524
8.25,0.503692893759013,0.5036130377463088,0.19402701072476436,-1.7063041874840252
8.3,0.6057440906276739,0.608313366961355,0.3300407931401661,-1.5277847740840818
8.35,0.7086112015532144,0.7138091114872291,0.46722881985002407,-1.3386306520080526
8.4,0.812202050813898,0.8199951452623311,0.605297285818388,-1.1387504405284108
8.45,0.9164224461141822,0.9267640426592005,0.7439427295448586,-0.9283065096733907
8.5,1.0211762452506534,1.0340061938941991,0.8828536695193723,-0.707794115553986
8.55,1.126365425672686,1.1416099258327872,1.021712387538849,-0.4781230835893169
8.6,1.2318901569083094,1.2494616279923987,1.16019683929116,-0.24069173813756217
8.65,1.3376488758223577,1.3574458835227343,1.2979826688046725,0.0025616132401424796
8.700000000000001,1.4435383646706703,1.4654456049251308,1.434745299963247,0.24914746496890494
8.75,1.549453831910872,1.5733421742528564,1.5701620754471401,0.49607182155585217
8.8,1.6552889957268537,1.6810155875155552,1.7039144113151494,0.739952957459941
8.85,1.7609361702207367,1.7883446029945849,1.8356899341062738,0.9772086000952445
8.9,1.8662863542228805,1.8952068931584298,1.965184566893049,1.2042975273372203
8.950000000000001,1.9712293226670052,2.0014791998533177,2.0921045312108952,1.417983165784298
9.0,2.0756537204743175,2.1070374924283763,2.216168233225092,1.6155766573671329
9.05,2.179447158887194,2.211757128443992,2.337108004844236,1.7951180776303863
9.1,2.2824963141895087,2.3155130165986693,2.454671673669547,1.9554677566727332
9.15,2.384687028747764,2.4181797815013395,2.5686239395702035,2.0963004546537576
9.200000000000001,2.4859044143035067,2.5196319299069514,2.6787475401502867,2.218015917563859
9.25,2.586032957444618,2.619744018027148,2.784844192254362,2.32159336503359
9.3,2.6849566271796714,2.7183908195223427,2.886735301764188,2.4084218075758903
9.35,2.7825589845364065,2.815447493779355,2.9842624390809034,2.4801340072537235
9.4,2.8787232941023078,2.9107897540756156,3.0772875826857846,2.5384630837338973
9.450000000000001,2.9733326374220383,3.004294035234323,3.1656931378615414,2.5851311175308265
9.5,3.0662700281635558,3.095837660373879,3.2493817418925817,2.6217712345286905
9.55,3.157418528961647,3.18529900636203,3.3282758707322055,2.6498795952309075
9.6,3.2466613698446274,3.272557667588605,3.4023172651442555,2.6707913036656237
9.65,3.3338820681471577,3.357494617680623,3.4714661966477998,2.6856737764964898
9.700000000000001,3.418964549809133,3.4399923687911227,3.53570059519923,2.695531769451865
9.75,3.501793271957911,3.5199351281053226,3.595015061451251,2.701219404297656
9.8,3.5822533466684034,3.597208951219766,3.6494197866718467,2.703455761423883
9.85,3.6602306657928003,3.6717018920650824,3.698939403051714,2.702841683729181
9.9,3.7356120267492874,3.7433041490573804,3.7436117862517446,2.699876295101231
9.950000000000001,3.8082852591563925,3.811908207182002,3.7834868307313494,2.694972367228365
10.0,3.878139352197365,3.8774089757298014,3.8186252167465016,2.688470103752427
10.05,3.945064582596477,3.939703921427018,3.8490971860051646,2.6806491940236503
10.1,4.008952643086973,3.9986931967191053,3.874981340906399,2.6717391613102217
10.15,4.06969677124818,4.054279762990642,3.8963634801488,2.661928126572062
