eta0,max_dev_pct
0.001,0.4364690300219954
0.0012151833063783388,0.5308999659974322
0.0014766704681005902,0.6458950559914277
0.0017944253018577247,0.78599663902261
0.0021805556713604185,0.9567808494470518
0.0026497748504657895,1.1651081055139976
0.0032199621639471864,1.4194394416200087
0.0039128442687984925,1.7302437913304813
0.004754823035902082,2.110520997105045
0.005777981578011382,2.5764844321839364
0.007021306758160996,3.1484631532532115
0.008532174761478654,3.852105491551197
0.010368156337251447,4.7200069229579915
0.012599210498948734,5.793957337177917
0.015310350271869196,7.128076373770913
0.01860488206518051,8.793298072349083
0.022608342102745097,10.88389011322221
0.027473279908146377,13.527184339174541
0.0333850711158389,16.898465144852633
0.040568981102221076,21.24443678581378
0.04929874859219733,26.92153264259025
0.05990701631458083,34.460980133477356
0.07279800616041339,44.68469266224366
0.08846292182376177,58.92350488062903
0.10749866583368733,79.4556069580403
0.13063058417904022,110.45025122335007
0.15874010519682002,160.09102747510863
0.19289832588791708,244.56791937883006
0.23440682544732516,379.41939734556973
0.28484726118473075,475.372139412457
0.34614163665927533,433.33312591934725
0.4206255385108274,339.4233174379885
0.5111371326347566,244.81519891321923
0.6211253108478471,199.3008296557958
0.7547811089113595,238.95337739409035
0.917197403518815,271.2453104743996
1.114562973409621,297.4283446730806
1.3543983191947744,318.6324568911387
1.6458422276723708,335.80504455242453
2.0,349.72074543714956
