T,L
0.86,0.6452916666666667
0.8602521476831217,0.6456968228092255
0.8604694042437172,0.646111373223885
0.860649963026297,0.646533885798355
0.860792122326082,0.6469628582221636
0.8608942945198333,0.6473967223684008
0.860955014848023,0.6478338490338497
0.8609729498101154,0.6482725530227896
0.8609469051378352,0.6487110985582858
0.8608758333144998,0.6491477050034259
0.8607588406118863,0.6495805528737751
0.8605951936194912,0.6500077901212317
0.8603843252444798,0.6504275386685282
0.8601258401639998,0.6508379011728381
0.859819519714804,0.6512369679962675
0.8594653262082766,0.6516228243604688
0.859063406661908,0.651993557662213
0.8586140959409707,0.6523472649264425
0.8581179193066254,0.6526820603731257
0.8575755943688439,0.652996083074137
0.8569880324443717,0.6532875046763478
0.8563563393214968,0.6535545371671675
0.8556818154345245,0.6537954406588555
0.854965955451681,0.6540085311680696
0.8542104472806394,0.6541921883672656
0.8534171704959432,0.6543448632847442
0.852588194192392,0.6544650859303025
0.8517257742679054,0.6545514728235965
0.8508323501385188,0.6546027344024548
0.8499105408870575,0.6546176822884651
0.8489631408456807,0.6545952363871842
0.8479931146109021,0.6545344318003063
0.8470035914879996,0.6544344255270377
0.8459978593598431,0.6542945029317493
0.8449793579732825,0.6541140839547654
0.8439516716342678,0.6538927290428121
0.8429185213009703,0.6536301447752695
0.8418837560623588,0.6533261891619045
0.8408513439879683,0.6529808765872196
0.8398253623331704,0.6525943823759546
0.8388099870829924,0.6521670469536336
0.8378094818167191,0.6516993795753366
0.8368281858749799,0.6511920615951652
0.8358705018110784,0.6506459492481416
0.8349408821088057,0.6500620759155447
0.8340438151501688,0.649441653844008
0.8331838104182436,0.6487860752880822
0.8323653829229561,0.6480969130453952
0.8315930368409498,0.6473759203531579
0.8308712483649473,0.6466250301144539
0.8302044477631841,0.6458463534227017
0.8295970006556461,0.6450421773527882
0.8290531885210085,0.6442149619878128
0.8285771884564265,0.6433673366510727
0.8281730522215932,0.6425020953140093
0.8278446846089008,0.6416221911522738
0.8275958211929703,0.6407307302239967
0.8274300055253025,0.6398309642466926
0.8273505658532561,0.6389262824521559
0.8273605914569031,0.6380202025021339
0.827462908712441,0.6371163604516172
0.8276600570065594,0.6362184997512442
0.8279542646423885,0.6353304592856172
0.8283474248940366,0.6344561604502748
0.8288410723831254,0.633599593276683
0.8294363599667979,0.6327648016218618
0.8301340363420396,0.631955867447141
0.8309344245855625,0.6311768942190595
0.8318374018614088,0.6304319894744128
0.8328423805395232,0.629725246600998
0.8339482909773327,0.6290607258955123
0.8351535662223785,0.6284424349702658
0.836456128896851,0.6278743085907708
0.8378533805240331,0.6273601880366838
0.8393421935517179,0.6269038000889162
0.8409189063183138,0.6265087357557277
0.8425793211932174,0.6261784288602109
0.8443187061039592,0.6259161346204555
0.8461317996384329,0.6257249083617167
0.8480128198812033,0.6256075845068763
0.8499554771085925,0.6255667559971833
0.8519529904281874,0.6256047542994675
0.8539981084050291,0.6257236301586031
0.8560831336696135,0.6259251352547534
0.8581999514526233,0.626210704923743
0.860340061938942,0.626581442095649
0.862494616279924,0.6270381026013457
0.8646544560492513,0.6275810819892148
0.8668101558751555,0.6282104039845962
0.8689520689315843,0.6289257107128418
0.8710703749242837,0.629726254793202
0.8731551301659867,0.6306108933953538
0.8751963192990695,0.6315780843334117
0.8771839081952234,0.6326258842539906
0.8791078975407561,0.6337519489556341
0.8809583766037388,0.6349535358569836
0.882725576675886,0.6362275086108119
0.8843999236879112,0.6375703438408514
0.8859720895121976,0.6389781399585718
0.8874330414905738,0.6404466279980584
0.888774089757298,0.6419711843892744
0.889986931967191,0.6435468455735748
0.891063695085251,0.6451683243506333
0.8919969739458499,0.6468300278332303
0.8927798663454773,0.6485260768757728
0.893406004491558,0.6502503268341304
0.8938695826897388,0.6519963895084937
0.894165381211832,0.6537576561174223
0.894288786344952,0.655527321150148
0.8942358066781149,0.6572984069453074
0.8940030857345216,0.6590637888476135
0.8935879111050589,0.6608162207992504
0.8929882202804066,0.6625483612298596
0.8922026034150401,0.6642527991176174
0.8912303032859361,0.6659220801038452
0.8900712127317825,0.6675487325545981
0.8887258698749545,0.6691252934744462
0.8871954514385809,0.6706443341899871
0.8854817644749648,0.6720984857332148
0.8835872368198818,0.6734804638674979
0.8815149065802725,0.6747830937113964
0.8792684109511648,0.6759993339276025
0.8768519746418466,0.6771223004558432
0.8742703981719391,0.678145289779397
0.8715290462756795,0.679061801724856
0.868633836627961,0.6798655618038334
0.8655912290789234,0.6805505431133051
0.8624082155556986,0.6811109878181945
0.8590923107605659,0.6815414282455786
0.8556515437646216,0.6818367076244484
0.8520944505653846,0.6819920005083199
0.8484300676456604,0.6820028329201013
0.8446679265396518,0.6818651022594937
0.8408180493807149,0.6815750970128033
0.836890945373376,0.681129516303398
0.8328976081001697,0.6805254893180926
0.8288495135414047,0.6797605946405236
0.824758618653083,0.6788328795170523
0.8206373603146426,0.6777408790738653
0.8164986544239097,0.676483635495726
0.81235589488142,0.6750607171672354
0.8082229521699911,0.6734722377664072
0.8041141711980121,0.6717188752878753
0.8000443680362351,0.669801890958999
0.7960288251379746,0.6677231479965422
0.7920832845915087,0.66548513013438
0.7882239389113669,0.6630909598337935
0.7844674188322677,0.6605444160673312
0.7808307775261585,0.6578499515448892
0.7773314706196321,0.6550127092266321
0.7739873313466892,0.6520385379416006
0.7708165401312869,0.6489340069034443
0.7678375878565885,0.6457064188857223
0.7650692320446785,0.6423638217888243
0.7625304451436071,0.6389150182989365
0.7602403540999825,0.6353695733069625
0.7582181703875249,0.631737818722232
0.7564831096678694,0.6280308552827132
0.755054300282836,0.6242605509309003
0.753950679821162,0.6204395352933068
0.7531908790714752,0.6165811897724962
0.7527930927717481,0.6126996327349348
0.7527749366985335,0.6088096992568758
0.75315329081203,0.6049269148755436
0.7539441283907485,0.6010674627857155
0.7551623313571016,0.5972481439243426
0.7568214923170655,0.5934863294001259
0.758933704216655,0.5897999047533202
0.7615093389570936,0.5862072055756962
0.7645568168091877,0.5827269440840684
0.7680823690222516,0.5793781263253267
0.7720897966273206,0.5761799597986574
0.7765802290769356,0.5731517514133817
0.7815518870279471,0.5703127958597828
0.7869998542369486,0.5676822546558429
0.7929158641712136,0.5652790263444367
0.7992881075059897,0.5631216085512692
0.8061010671404524,0.5612279528703533
0.8133353876735748,0.5596153138158603
0.8209677863889354,0.5583000933597646
0.828971012655581,0.5572976828547085
0.8373138622159894,0.5566223044101425
0.845961252065846,0.556286854034448
0.8548743605112892,0.5563027490627594
0.8640108355134548,0.5566797825452845
0.8733250726166618,0.5574259873601051
0.8827685616510124,0.5585475128250624
0.8922902990758592,0.560048516505038
0.9018372603877767,0.5619310737369634
0.911354924578366,0.5641951071228154
0.9207878403320483,0.5668383378736539
0.9300802216465753,0.5698562604340217
0.9391765589778254,0.5732421412900683
0.948022230975487,0.5769870422861331
0.9565641014766612,0.5810798681669798
0.9647510867086568,0.5855074374529121
0.9725346786219894,0.5902545751702237
0.9798694118822822,0.5953042254264271
0.9867132642025772,0.6006375813622876
0.993027982264569,0.6062342296501718
0.9987793283015863,0.6120723064540461
1.0039372453287772,0.6181286616276344
1.0084759418403708,0.624379027903871
1.0123738993999754,0.6307981919146743
1.0156138088044266,0.6373601640635592
1.0181824423162684,0.6440383445386794
1.0200704707841348,0.6508056830818487
1.0212722352908337,0.6576348304999596
1.0217854833064666,0.6644982802990831
1.0216110792259325,0.6713684992200217
1.0207526987039013,0.6782180458410444
1.0192165154441999,0.6850196767757598
1.0170108881370372,0.6917464403216359
1.0141460541461422,0.6983717577009041
1.0106338354011946,0.7048694922767812
1.0064873608101743,0.7112140073232713
1.0017208084205635,0.7173802130773951
0.9963491695637394,0.723343603911618
0.9903880363373339,0.72908028653564
0.9838534130289122,0.734567000175402
0.9767615514649677,0.7397811296884931
0.9691288097790235,0.7447007125642758
0.9609715337232559,0.7493044407290201
0.9523059593879449,0.7535716580357709
0.943148136028663,0.7574823542696677
0.9335138676181965,0.761017156445517
0.92341867172466,0.7641573181185967
0.9128777543560064,0.7668847073743265
0.901905999492115,0.769181794109567
0.8905179721384882,0.7710316371693036
0.8787279338713979,0.7724178718584961
0.8665498699956921,0.7733246983106546
0.8539975275975324,0.773736871162743
0.8410844639403525,0.7736396909606141
0.8278241048196916,0.7730189977004682
0.8142298126585856,0.7718611668997637
0.8003149642877931,0.7701531085855666
0.7860930385127902,0.7678822695892449
0.771577713720923,0.7650366395435545
0.7567829759263109,0.7616047609912108
0.7417232377859355,0.757575744032686
0.7264134692466353,0.7529392859648707
0.7108693405979778,0.7476856963909653
0.6951073788082629,0.7418059283150746
0.67914513810796,0.7352916157718501
0.6630013858537132,0.7281351185815386
0.6466963047531197,0.7203295748631613
0.6302517125515994,0.7118689619822449
0.6136913002729077,0.7027481666535184
0.5970408900586845,0.6929630649618421
0.5803287135638195,0.682510613104845
0.5635857117268763,0.6713889496964369
0.5468458565417691,0.6595975104994541
0.5301464952018472,0.6471371564758805
0.5135287166645432,0.6340103160516983
0.4970377402887555,0.6202211424876807
0.4807233257244497,0.6057756872243212
0.4646402026825338,0.5906820900255402
0.4488485185827073,0.5749507866785436
0.433414301369212,0.5585947349132521
0.4184099340015671,0.5416296590808833
0.4039146362712479,0.5240743139746844
0.390014948664089,0.5059507679834823
0.37680521197237743,0.4872847055375086
0.3643880352361054,0.46810574853204495
0.3528747433122867,0.44844779609263674
0.3423857938517124,0.42834938166817066
0.3330511515705322,0.4078540459929782
0.32501060523708036,0.38701072392762403
0.31841400945973786,0.36587414254165884
0.3134214287543037,0.3445052269979485
0.3102031549507628,0.322971509776048
0.30893956008261125,0.3013475374457892
0.30982073465086635,0.27971526745560255
0.31304584461011986,0.2581644450808842
0.3188221185760939,0.2367929475939734
0.32736334869507944,0.21570707863803584
0.33888775381323455,0.1950217904513774
0.35361501234105386,0.1748608047289794
0.37176222638438394,0.15535659429718152
0.39353853278291934,0.13665017731080498
0.41913803919556747,0.11889066350971944
0.4487307486596342,0.10223447879573921
0.48245116608702326,0.0868441813337163
0.5203843855247823,0.07288677191561288
0.5625496756999405,0.060531397207505
0.6088819530776369,0.049946352064681676
0.6592120845936967,0.0412953131041669
0.7132476902462711,0.03473278745639852
0.770556946985399,0.03039884392060843
0.8305586610859889,0.028413309737839065
0.8925222999492978,0.028869757055983825
0.9555814106032826,0.0318297483951252
1.0187625994150813,0.037317926083177855
1.0810299258044298,0.045318574495698205
1.1413414876693673,0.05577421803844185
1.1987119050488972,0.06858662584995234
1.252272350543946,0.08362029626165757
1.3013195815189094,0.10070814901380543
1.3453473548852977,0.11965884329753607
1.3840571170129878,0.14026494150609292
1.4173488473638862,0.16231109452615605
1.4452962070250475,0.1855815290249475
1.468111931939061,0.2098663245702368
1.4861095807266427,0.23496621439862914
1.4996666897037259,0.26069586999446637
1.509192725034286,0.28688579946245923
1.5151035234748846,0.31338309067385983
1.5178025412077216,0.3400512689438894
1.51766832181055,0.36676953203318147
1.515047123823819,0.3934315909876178
1.5102495093729038,0.41994429927297733
1.5035497651304415,0.44622620561001036
1.4951872019727934,0.47220612405774665
1.4853685877244165,0.49782178088515533
1.4742711657417815,0.5230185719914517
1.462045880402948,0.5477484462284627
1.4488205627904516,0.5719689175859966
1.4347029278189176,0.5956422013984087
1.4197833031137383,0.6187344652476384
1.4041370563558484,0.6412151830436844
1.387826717409634,0.6630565800713641
1.3709038092133914,0.6842331570309845
1.3534104109186222,0.7047212818718268
1.3353804809151888,0.7244988392539181
1.3168409681665822,0.743544928603382
1.2978127390740923,0.7618396028444075
1.2783113448042769,0.7793636409363998
1.2583476512390894,0.7960983482876549
1.2379283508061267,0.8120253799452399
1.217056372630209,0.8271265821742154
1.1957312048305537,0.8413838486438541
1.1739491404209865,0.8547789879432782
1.1517034561664896,0.8672935995642993
1.1289845318983416,0.8789089558255019
1.1057799161711561,0.8896058874786489
1.0820743427326769,0.8993646709448618
1.0578497010453252,0.9081649152817207
1.0330849630238965,0.9159854470899716
1.007756067217603,0.9228041916359604
0.9818357608544317,0.9285980484984201
0.9552933994764737,0.9333427600507852
0.9280947033316922,0.9370127710676135
0.9002014692679021,0.9395810777014401
0.8715712366321253,0.94101906402066
0.842156905667845,0.94129632423809
0.8119063072069791,0.9403804687044004
0.780761723193534,0.9382369117055943
0.7486593589231101,0.9348286391097502
0.715528770075552,0.9301159539841752
0.6812922509848996,0.9240561984899706
0.6458641955763592,0.9166034507122023
0.6091504495992556,0.9077081956764926
0.5710476829822383,0.8973169707404085
0.5314428253459504,0.8853719869699325
0.4902126272065577,0.8718107302026201
0.44722343574469525,0.8565655485015139
0.4023313089895375,0.8395632369264586
0.3553826377635577,0.8207246363752325
0.30621550240499473,0.7999642711314762
0.25466206191284935,0.7771900602068081
0.2005523555099863,0.7523031510836818
0.14371998557809007,0.7251979414370312
0.08401023465925639,0.6957623748926596
0.021291225331343533,0.6638786202543895
-0.04453127733793705,0.629424268101645
-0.11349495211598781,0.5922742005488825
-0.18555775733085655,0.5523033029228553
-0.26057099095346137,0.5093901804929998
-0.3382500208908309,0.4634220062323095
-0.4181454640964485,0.4143005421884084
-0.4996191512483664,0.3619492350478238
-0.5818306397107477,0.30632108317734386
-0.6637407239691299,0.2474067244925277
-0.7441375881649691,0.18524194644408232
-0.8216883587681486,0.11991364394024484
-0.8950138741800647,0.05156323371418903
-0.9627785124039848,-0.019613260147888334
-1.0237818498499038,-0.0933688002895331
-1.077036899038072,-0.1694123779095711
-1.1218218919814618,-0.24741869034677844
-1.157698496630338,-0.32703923001578916
-1.1844968432214449,-0.4079134248517816
-1.2022741649663633,-0.4896786214547849
-1.2112573836542362,-0.571978056060973
-1.2117802102134059,-0.6544663865776176
-1.2042231343266385,-0.7368127437193256
-1.1889614051174675,-0.8187015301626824
-1.1663229371691184,-0.8998313355559556
-1.1365556821461635,-0.9799123615889423
-1.0998025576078412,-1.058662700923644
-1.0560813814239527,-1.1358037223035677
-1.0052671714522674,-1.2110547088919814
-0.9470744113613848,-1.284126795283584
-0.8810373288701491,-1.3547161609728646
-0.8064868915264657,-1.422496372196436
-0.7225242799322721,-1.487109731515532
-0.6279924773926228,-1.5481575186746732
-0.5214511245321286,-1.6051891347089708
-0.40116629929123915,-1.6576904844190299
-0.26513846984118905,-1.705072609454064
-0.11121095392346658,-1.7466628674600453
0.06267151102344504,-1.7817031685776619
0.2579566240905463,-1.8093631505748817
0.4746351389698856,-1.828780224669789
0.71005460217946,-1.8391407071933399
0.9576987485014865,-1.8398108304706096
1.2067021505630267,-1.8305051840044602
1.4431012579302867,-1.811442746101283
1.6531026648243867,-1.7834109700765586
1.8270031858350972,-1.7476788713986418
1.9614563301999457,-1.7057793806336727
2.058959341186718,-1.6592565849561187
2.125503532126383,-1.6094758142826935
2.1680953514291303,-1.5575353503248381
2.193147161212864,-1.5042614620115842
2.205812558559091,-1.4502481305893355
2.209926214660551,-1.3959099836636755
2.208210075291248,-1.3415313906656525
2.202541588504207,-1.2873056100810398
2.1941939170366385,-1.233363603120027
2.1840223400540317,-1.1797942917144706
2.172598808712747,-1.1266584257616241
2.1603052618508904,-1.0739979319755153
2.1473968842212217,-1.0218421657747099
2.1340444489982398,-0.9702120774943265
2.120362477481518,-0.9191229872977978
2.106427919153008,-0.8685864361430647
2.0922925433223734,-0.8186114239421184
2.0779911729251905,-0.769205240938403
2.0635471706239867,-0.7203740284657475
2.0489761067844166,-0.6721231591146791
2.034288221437958,-0.6244574959392007
2.019490083636658,-0.57738157031858
2.004585714621685,-0.5308997048839234
1.9895773512797885,-0.4850160991868845
1.9744659671943392,-0.4397348899943937
1.9592516295719213,-0.3950601942352835
1.9439337444996285,-0.3509961400452538
1.9285112258335073,-0.30754688962473253
1.9129826115777058,-0.2647166564562845
1.8973461439513963,-0.22250971863726832
1.8815998241860759,-0.18093042954538652
1.8657414496128903,-0.13998322668724983
1.8497686382353165,-0.09967263932799941
1.8336788443699716,-0.06000329532650761
1.8174693678330889,-0.020979927480850535
1.801137358388847,0.01739262039418954
1.7846798166483124,0.05510938749329708
1.7680935922402603,0.09216529002593943
1.7513753798171683,0.12855511510368356
1.734521713277217,0.16427351443104543
1.7175289584525968,0.19931499773388883
1.700393304419871,0.23367392586740648
1.6831107535183487,0.26734450355048456
1.6656771101097674,0.30032077167559335
1.6480879680714693,0.33259659914381895
1.6303386969820834,0.3641656741736585
1.6124244269305172,0.3950214950299845
1.5943400318539689,0.4251573601162989
1.5760801112871885,0.4545663573691692
1.5576389703821107,0.48324135288854553
1.5390105980334694,0.5111749787315758
1.5201886429212372,0.5383596197904499
1.5011663872540484,0.5647873996667356
1.4819367179686231,0.5904501654454289
1.462492095107824,0.6153394712615474
1.4428245170639271,0.6394465605402515
1.4229254823331616,0.662762346778177
1.4027859473819344,0.6852773927185992
1.3823962801735947,0.7069818877560509
1.3617462088463208,0.7278656233868347
1.3408247649666911,0.747917966500207
1.319620220708806,0.7671278302805113
1.2981200192242703,0.7854836424628994
1.2763106973727076,0.8029733106540007
1.2541777998744716,0.8195841843935766
1.2317057838255137,0.8353030135932805
1.208877912377475,0.8501159029435504
1.1856761362328285,0.8640082618287808
1.1620809614339953,0.876964749233555
1.138071301736025,0.8889692130581491
1.1136243136444424,0.9000046231890078
1.0887152119737131,0.9100529975886874
1.063317063539737,0.9190953205791966
1.0374005563458433,0.9271114523921336
1.0109337413634745,0.9340800289482489
0.9838817437579837,0.9399783507080363
0.95620644018538,0.9447822593043451
0.9278660986154569,0.9484660005294078
0.8988149770618984,0.9510020721049768
0.869002877680806,0.9523610545204754
0.8383746530217351,0.9525114230879768
0.8068696619022401,0.9514193392464815
0.774421173600056,0.9490484190691134
0.7409557210564466,0.9453594769115288
0.7063924068915896,0.9403102422253724
0.6706421707024238,0.9338550477999025
0.6336070329607904,0.9259444881621894
0.5951793406784515,0.9165250476643467
0.5552410539399055,0.9055386990558623
0.5136631318208645,0.8929224752704963
0.47030510285829874,0.8786080200035036
0.4250149412132581,0.8625211267461667
0.3776294173183539,0.8445812817003485
0.3279751534532248,0.8247012339303348
0.2758706920520294,0.8027866268203278
0.22112997758565933,0.7787357390297899
0.16356775786718236,0.7524394012449132
0.10300751712495926,0.723781177411092
0.03929263944380801,0.6926379254698977
-0.027698471548367798,0.6588808813973817
-0.09803268422827416,0.6223774380409195
-0.17169751078319828,0.582993810386958
-0.24857184532092813,0.5405987810278281
-0.32839338867776513,0.49506868898689843
-0.4107255728107867,0.4462937438638908
-0.4949286372653453,0.3941855986832576
-0.5801413261724376,0.3386858913716862
-0.6652807722914179,0.2797751802239725
-0.7490675845574702,0.21748139996972993
-0.8300801339583795,0.15188673574160894
-0.9068364000000085,0.08313175735625478
-0.977894581106911,0.011415863183119379
-1.0419573145963685,-0.06300643072399637
-1.0979615172250545,-0.1398331420710629
-1.1451382064919247,-0.21872550971615812
-1.1830336619641306,-0.2993203146652168
-1.2114923177569472,-0.381242266214327
-1.2306095313815155,-0.464115064651894
-1.240666538603886,-0.5475701749185734
-1.2420600344358963,-0.6312528528922096
-1.2352360362083643,-0.7148254147850902
-1.2206337047842104,-0.7979680480073731
-1.198641064660226,-0.8803776116534582
-1.1695618413910154,-0.9617648940174904
-1.1335910736538355,-1.0418507284130571
-1.0907965404897144,-1.1203612599247537
-1.0411030412141522,-1.197022535767485
-0.9842768913104122,-1.27155447921105
-0.9199084842545641,-1.3436642108924666
-0.8473913893586481,-1.4130386071797547
-0.7658973430062507,-1.4793359404871578
-0.6743479914669218,-1.542176447836308
-0.5713870270808089,-1.6011317581012916
-0.4553615973662998,-1.6557133479785846
-0.3243314264137672,-1.705360724780848
-0.1761404677818098,-1.7494310722798962
-0.00861101591473512,-1.78719396152625
0.18004921847998712,-1.8178377368826442
0.39052054701122535,-1.8404982417278437
0.6212732606900224,-1.8543240975978486
0.8672676510861956,-1.8585911246864533
1.1190607552584906,-1.8528635225852015
1.36333869754078,-1.837165841235302
1.5855799060200695,-1.8120915553490824
1.7740867920912844,-1.7787720601447883
1.9231373260976912,-1.7386936948444225
2.0334392771195193,-1.693439743489987
2.1101765934444265,-1.6444668436386398
2.1603505664107394,-1.5929796569556824
2.1907870756733794,-1.539901414552586
2.207164683764463,-1.48590351614481
2.213793380814707,-1.4314576798772687
2.2137671659596303,-1.3768883579878324
2.2092328681676294,-1.3224161119613305
2.20165013291591,-1.2681901646741696
2.1919999851024885,-1.2143115245824805
2.180937895053419,-1.1608488964401595
2.1689008254537447,-1.1078494292176675
2.1561800795732364,-1.0553459038956357
2.142970122043845,-1.0033615176244308
2.1294010332757747,-0.9519130638628325
2.115560007409996,-0.9010130483020008
2.1015055834238954,-0.8506711001978958
2.0872770774936793,-0.8008949170703169
2.07290085029555,-0.751690899785426
2.05839448501741,-0.7030645816098419
2.0437695831926583,-0.6550209196792566
2.0290336433202127,-0.6075644942226645
2.0141913285642934,-0.5606996456812662
1.9992453258628076,-0.5144305698345412
1.9841969305523444,-0.4687613844125301
1.969046445740318,-0.42369617626880485
1.953793456038802,-0.3792390352524665
1.9384370156587538,-0.33539407895195605
1.9229757778192034,-0.29216547116200176
1.907408083715517,-0.24955743603269154
1.8917320234488395,-0.2075742692544308
1.875945477383111,-0.16622034722032375
1.8600461437324656,-0.1255001348255721
1.844031556370663,-0.08541819236989479
1.827899095616668,-0.04597918189561778
1.811645993900817,-0.00718787320197023
1.7952693376292215,0.03095085028760891
1.7787660661567473,0.0684319856724126
1.7621329684940794,0.10525040463329938
1.7453666781738004,0.14140084732184122
1.7284636665576936,0.176877916012189
1.7114202347647482,0.21167606845718534
1.6942325043241921,0.2457896108958535
1.6768964066016165,0.27921269066238763
1.6594076710031058,0.311939288347793
1.6417618119277968,0.3439632094648113
1.6239541144105987,0.37527807556498577
1.6059796183717583,0.4058773147538915
1.58783310136683,0.4357541515467484
1.5695090597083343,0.46490159600193187
1.5510016878079342,0.4933124320643036
1.5323048555645682,0.5209792050437692
1.5134120835990041,0.5478942081470002
1.4943165161080099,0.5740494679717335
1.475010891081353,0.5994367288634022
1.4554875075913847,0.6240474360229317
1.4357381898274335,0.6478727172421677
1.4157542475051514,0.6709033631294905
1.3955264322332583,0.6931298056724317
1.3750448893663947,0.7145420949663424
1.354299104811862,0.7351298739181469
1.3332778461890822,0.7548823507115421
1.311969097662506,0.7737882687944544
1.2903599876804002,0.7918358741206379
1.2684367087519994,0.8090128793446748
1.246184428282803,0.8253064246326882
1.223587189360804,0.8407030347094043
1.2006278002438977,0.8551885717151103
1.1772877111392215,0.8687481833929263
1.153546876687824,0.8813662460669638
1.1293836023720203,0.8930263018046103
1.1047743728481936,0.9037109890806577
1.079693659975633,0.9134019661764899
1.0541137080650862,0.9220798264535022
1.0280042936141667,0.9297240045357398
1.0013324565394834,0.9363126723222749
0.9740621996714118,0.941822623625279
0.9461541530683745,0.9462291460960438
0.9175651995656745,0.9495058789603483
0.8882480579466702,0.951624654940141
0.8581508202798254,0.9525553245963921
0.8272164404017287,0.9522655611972969
0.7953821713819158,0.9507206441106381
0.7625789512742176,0.9478832186595196
0.7287307388110745,0.9437130303963758
0.693753804303413,0.9381666318836406
0.6575559863763337,0.9311970603804086
0.6200359329841942,0.9227534854063998
0.5810823563182334,0.9127808261026656
0.5405733469359413,0.9012193397898721
0.49837581422369687,0.8880041853506676
0.45434515002929693,0.8730649683116337
0.40832525217317633,0.8563252791334622
0.3601490969508037,0.837702242688713
0.309640116869323,0.8171061057615366
0.25661472297004995,0.7944399012621967
0.20088640910359667,0.7695992433396396
0.1422719827404647,0.742472327200529
0.08060056940768312,0.7129402313276596
0.015726108538505312,0.6808776472578092
-0.052455948905150374,0.6461541910043829
-0.12398718710441858,0.6086364761388458
-0.1988198639017532,0.5681911436707304
-0.2767862448504378,0.5246890361997758
-0.3575654355435568,0.47801065724156117
-0.44065115555464385,0.4280529530091875
-0.5253257874773826,0.3747372786244888
-0.6106476899684835,0.31801816234129676
-0.6954593840871989,0.25789218436170624
-0.7784228614289564,0.19440600161941857
-0.858084268587978,0.12766237075093467
-0.9329638474590137,0.05782305263738752
-1.0016598235138257,-0.014892208276095054
-1.0629495455537334,-0.09021086587368388
-1.1158701076572504,-0.16781644482697322
-1.1597648827025786,-0.24735998946871474
-1.1942904976733626,-0.3284725856300047
-1.2193877161182707,-0.410777414847742
-1.235226338516246,-0.49390008348222614
-1.242136906810035,-0.577476441181845
-1.2405409056004602,-0.661157603302151
-1.2308877434016505,-0.744612296155441
-1.2136027713834499,-0.8275268943890203
-1.1890471721309392,-0.9096036183049335
-1.157488251767373,-0.9905573422762312
-1.119077480641967,-1.070111379669421
-1.073833268358622,-1.1479924941080828
-1.0216256009194296,-1.2239252679956047
-0.9621600633463362,-1.2976258516764827
-0.8949593008878037,-1.3687950277474816
-0.8193406627416303,-1.4371104602192517
-0.7343898253326225,-1.502217967279619
-0.6389320530675723,-1.563721681727836
-0.5315062482025062,-1.621173091979414
-0.41035346991405686,-1.674059279961265
-0.2734432979267095,-1.7217913518355714
-0.11858081510730312,-1.7636953511340696
0.05633504795189659,-1.7990101896814896
0.2528019686031121,-1.8269005701567371
0.47085397940534335,-1.846497050187982
0.7078531319064215,-1.8569778434208493
0.9572377955219151,-1.8577015902494938
1.2080143356537179,-1.848378728509335
1.446024384766388,-1.8292306942026686
1.6572836010876597,-1.8010554162790577
1.8319882248489259,-1.7651384540828028
1.9668161417978474,-1.7230307882279816
2.0643759026626607,-1.676291630668039
2.1307906731546273,-1.6262963660084426
2.173173323135287,-1.5741484697170498
2.1980036353884818,-1.520675925531978
2.2104697112747496,-1.4664724269856015
2.2144193127429053,-1.4119513997648805
2.2125758358312524,-1.3573957474610405
2.2068129043364197,-1.3029973260916532
2.1983981241678827,-1.2488858902167714
2.188181210270385,-1.1951493812005278
2.1767292493873844,-1.141847778217549
2.1644202090651734,-1.0890224141104126
2.151506157559657,-1.0367021918508081
2.138155481641487,-0.9849077189136061
2.1244809041289314,-0.9336540558352268
2.1105580334887053,-0.8829525463350963
2.0964376464900893,-0.8328120394327821
2.0821538354179383,-0.7832397086896487
2.0677294274241746,-0.7342416038875109
2.0531796020131847,-0.6858230244473059
2.0385143152812755,-0.6379887736415643
2.0237399313159097,-0.5907433327664439
2.0088603247577783,-0.5440909813426681
1.9938776291203437,-0.49803588076801686
1.9787927467457842,-0.45258213311636586
1.963605697610002,-0.4077338229699047
1.9483158586401874,-0.3634950476286757
1.932922128262704,-0.3198699393369435
1.9174230396137584,-0.2768626820180967
1.90181683829785,-0.23447752423344692
1.8861015355088142,-0.1927187895529714
1.8702749439071429,-0.1515908851663269
1.8543347013279248,-0.11109830931607367
1.8382782858140936,-0.07124565796567317
1.8221030243883545,-0.03203763099802159
1.8058060972333065,0.006520961840465578
1.7893845384346565,0.0444251950910608
1.7728352340842686,0.08167002170867377
1.7561549182887617,0.11825026706854647
1.7393401674519975,0.15416062277777903
1.7223873930731126,0.18939564022783073
1.7052928332100181,0.22394972383187667
1.6880525426907957,0.25781712389548106
1.6706623821043787,0.2909919290712785
1.6531180055622543,0.32346805834878906
1.6354148471908403,0.355239252529495
1.617548106286997,0.38629906513514356
1.5995127310448969,0.41664085269404216
1.5813034007398648,0.4462577643459837
1.562914506232458,0.47514273070142626
1.5443401286334304,0.5032884518846217
1.525574015946292,0.5306873846835491
1.5066095574784715,0.5573317287216616
1.4874397557839194,0.583213411557553
1.4680571958688242,0.6083240726085364
1.448454011357263,0.632655045782728
1.4286218472745607,0.6561973406913176
1.4085518190621225,0.6789416222981706
1.3882344673876974,0.7008781888474773
1.3676597082589008,0.721996947891617
1.3468167778840887,0.7422873902204802
1.3256941716525907,0.7617385614698331
1.3042795765247468,0.7803390311596012
1.282559796029799,0.7980768588827515
1.2605206669654092,0.8149395573313303
1.2381469667748897,0.8309140518076602
1.2154223104458277,0.8459866358251471
1.192329035625342,0.8601429223539772
1.1688480744814405,0.8733677902115445
1.1449588106559359,0.8856453250350047
1.1206389194516875,0.8969587542031842
1.0958641891758314,0.9072903749964046
1.070608321322826,0.9166214751949776
1.0448427070300137,0.9249322452194465
1.0185361769803658,0.9322016808078494
0.9916547216725932,0.9384074751071106
0.9641611787444024,0.943525898927704
0.9360148838452553,0.9475316677741514
0.9071712814477417,0.9503977941213038
0.8775814920156519,0.952095423261901
0.8471918321898986,0.9525936509116322
0.8159432852214404,0.9518593206344157
0.7837709199295396,0.9498567990588355
0.7506032582125435,0.9465477268200008
0.7163615938895995,0.941890743213267
0.6809592698210897,0.9358411827352022
0.6443009264082805,0.9283507420804082
0.6062817434678354,0.9193671168540843
0.56678671011876,0.9088336083784179
0.5256899750111141,0.8966887026908728
0.4828543536134732,0.8828656263879202
0.43813110236121633,0.8672918876654739
0.3913601135446897,0.8498888161402436
0.3423707422602884,0.8305711222919829
0.2909835495294735,0.8092465072217546
0.2370133344312666,0.7858153665086516
0.18027393038917106,0.760170648870969
0.1205853484490258,0.7321979515018222
0.05778394549806698,0.7017759592511195
-0.00826365535142437,0.6687773631582516
-0.07764221616449563,0.6330704223577186
-0.1503646631883323,0.5945213565477843
-0.22634406501574855,0.552997764797493
-0.30536178862074614,0.5083732469222592
-0.3870341765477271,0.4605333387545884
-0.4707818537240446,0.40938274463320307
-0.5558076515534932,0.3548536480933898
-0.6410905280913232,0.29691461143769016
-0.7254028807295426,0.23557927315470173
-0.8073563868420547,0.1709137927510383
-0.8854765692532257,0.10304187733825676
-0.9582993686119231,0.032146350773316845
-1.0244761338083368,-0.0415333630874587
-1.0828693587353855,-0.1177078325662052
-1.132622312967563,-0.19604756677502078
-1.1731915807599682,-0.2761950304044445
-1.2043403164243673,-0.35777716642840207
-1.2260984481784996,-0.4404169559012411
-1.2387013805612366,-0.5237429128939105
-1.2425199645414038,-0.6073959122718996
-1.2379923824854089,-0.6910332249446894
-1.2255647851582556,-0.7743299876131254
-1.2056436032596332,-0.8569785275234753
-1.1785594067892866,-0.9386860149052484
-1.1445403048821348,-1.0191708692445074
-1.1036920253852833,-1.0981582452520362
-1.055981668438433,-1.1753748052544988
-1.001222383290087,-1.25054286869277
-0.9390566675607882,-1.3233739279330923
-0.8689365642350918,-1.3935614386264406
-0.7900998182660809,-1.4607727385683584
-0.7015423292835249,-1.5246399346296537
-0.601989561361668,-1.5847496524331444
-0.4898739519198022,-1.6406317283528256
-0.36333345509344384,-1.6917473510224608
-0.22026052577847766,-1.7374780236850933
-0.058453435637380036,-1.7771183124258876
0.12404817196995754,-1.8098780070385776
0.3283376623477886,-1.8349031440998331
0.5536458452775803,-1.8513293424472774
0.7960590992647101,-1.8583814637763258
1.0474180246201124,-1.8555233423752684
1.2953359002094458,-1.842632823946472
1.525250409259307,-1.8201372556132935
1.7242518682744432,-1.7890274672772546
1.8847363830693018,-1.7507137599088076
2.00569992248066,-1.7067778719647921
2.0913246336229414,-1.6587300529741458
2.1483408191065076,-1.6078534156911077
2.1837658007260337,-1.5551501950879234
2.203652918202667,-1.5013586953500822
2.2126969187690193,-1.4470019597586314
2.2143127977099843,-1.3924415272474082
2.2108892002996434,-1.3379237952988206
2.204057880413796,-1.2836155941121818
2.1949183977863647,-1.2296297812314272
2.184206330813732,-1.1760429831469787
2.1724122231245135,-1.1229076306640535
2.1598630395557388,-1.0702600255687371
2.1467769457358865,-1.018125714796446
2.1332997876246944,-0.9665230631267793
2.119529271708728,-0.9154656292207658
2.1055309709804444,-0.864963749135584
2.091348928336303,-0.8150255951155184
2.0770126962946964,-0.7656578864509042
2.062542025232589,-0.7168663690216021
2.0479499971267034,-0.6686561405325749
2.0332451287138196,-0.6210318724135212
2.0184327889793807,-0.5739979622297092
2.003516158614651,-0.5275586391648769
1.9884968821735747,-0.48171803767720267
1.9733755131075723,-0.4364802494814414
1.9581518185273508,-0.3918493607156971
1.9428249884893725,-0.34782947894853067
1.9273937799578578,-0.3044247532029284
1.9118566158243646,-0.26163938917609253
1.8962116528234367,-0.21947766115826273
1.880456827780081,-0.17794392169406648
1.8645898886490877,-0.13704260971582516
1.8486084147855733,-0.09677825766284709
1.8325098295073792,-0.05715549795247077
1.8162914070645835,-0.0181790690662903
1.7999502754797574,0.02014617855578915
1.783483416270822,0.05781527666997943
1.7668876617532272,0.09482313332163028
1.750159690396699,0.13116452679014023
1.7332960205546917,0.16683409931473997
1.7162930027720849,0.2018263505404868
1.6991468107945609,0.2361356306302997
1.6818534313422877,0.26975613299253276
1.6644086526640074,0.3026818865751158
1.646808051851128,0.33490674767717965
1.6290469808612558,0.3664243912276478
1.6111205511747453,0.39722830147772453
1.593023616984273,0.42731176205067734
1.5747507567950645,0.45666784528785925
1.5562962532910463,0.4852894008245777
1.5376540712991948,0.5131690433231773
1.5188178336598377,0.5402991392834912
1.49978079478415,0.5666717928426328
1.4805358116509302,0.5922788304667457
1.4610753119623239,0.6171117844267962
1.4413912591418652,0.641161874938565
1.4214751138175001,0.664419990833521
1.4013177913862311,0.6868766686120772
1.3809096152050875,0.7085220697135701
1.3602402648943475,0.7293459558179443
1.3392987191723882,0.7493376619722462
1.3180731925661275,0.7684860673103582
1.2965510652558063,0.78677956310645
1.274718805216313,0.8042060178711268
1.2525618817083588,0.8207527391635736
1.2300646690500252,0.8364064317527415
1.2072103394612084,0.8511531517151255
1.1839807436189864,0.8649782560053548
1.160356277389731,0.8778663469779506
1.1363157330131144,0.8898012112734979
1.111836132803804,0.9007657524093411
1.0868925432092673,0.9107419163330761
1.0614578668190289,0.919710609105817
1.0355026096661681,0.9276516057809716
1.0089946209036595,0.9345434494327277
0.9818988016885448,0.9403633391666967
0.9541767798852059,0.9450870058139237
0.9257865470339373,0.9486885738703681
0.8966820539651801,0.9511404081000683
0.8668127615348624,0.9524129430766562
0.8361231433007196,0.952474493802784
0.8045521376787099,0.9512910454326924
0.7720325483890076,0.948826020047926
0.738490394068271,0.9450400184267725
0.7038442111284114,0.9398905348426617
0.6680043187464989,0.933331643179784
0.6308720619047183,0.9253136531415859
0.5923390585040911,0.9157827361547304
0.5522864908560653,0.9046805218816062
0.5105845017336963,0.8919436682427824
0.46709178241339505,0.8775034107751555
0.42165547687834487,0.8612851013480906
0.3741115749442695,0.8432077521549969
0.32428602981282373,0.823183609012491
0.27199691408573023,0.801117788936244
0.21705802236303862,0.7769080313574565
0.15928443412020987,0.7504446307550643
0.09850065648724116,0.7216106411730645
0.034552050081783414,0.6902824696769736
-0.0326797380341981,0.6563310046466767
-0.1032567153939764,0.6196234522157691
-0.17715956092987717,0.5800260734016197
-0.2542580634605164,0.5374080147794578
-0.3342783951574727,0.4916463919006523
-0.4167701571506194,0.4426326990885566
-0.5010779885116107,0.39028046531561245
-0.5863243210011816,0.3345338471827501
-0.6714108733001979,0.27537656239859976
-0.7550457725497973,0.2128402702273594
-0.8357999727731434,0.14701128510060313
-0.9121908435144183,0.07803447125485674
-0.9827836111456137,0.0061133939094012435
-1.046295145072651,-0.06849369292218876
-1.101682088055255,-0.145481755687198
-1.1481980630515913,-0.22450983821273096
-1.18541194182357,-0.30521343981557847
-1.2131882079731708,-0.38721684821020863
-1.2316379984979817,-0.47014406286523414
-1.24105327211478,-0.5536273790731902
-1.2418364210229025,-0.6373132102646663
-1.2344347134901632,-0.7208651666397697
-1.2192849511706392,-0.8039647044907289
-1.1967700458527037,-0.8863097996515296
-1.1671865831773998,-0.9676121099965725
-1.1307209580713744,-1.0475930213703974
-1.087431105535523,-1.1259788609774013
-1.0372308796157705,-1.2024954423468754
-0.9798744748864064,-1.2768619942372075
-0.9149387802220917,-1.3487844311305528
-0.8418021874890186,-1.4179478506252945
-0.7596192948004657,-1.4840081008830235
-0.6672925103829394,-1.546582267123216
-0.5634444777399134,-1.6052380185546493
-0.44640072163880584,-1.6594820122561256
-0.314201879726569,-1.7087481068557402
-0.16468185597996599,-1.7523872252905526
0.004326041935816649,-1.7896626452661768
0.19456241294183152,-1.8197575928509413
0.40658860966813937,-1.8418061114561817
0.638664287888634,-1.8549615575490521
0.8854501571091806,-1.858514784009984
1.1371812791637663,-1.8520578135973773
1.3803413669692892,-1.8356540630912024
1.600473550213284,-1.8099389876587306
1.7862331540645675,-1.776077363182674
1.9323846062340468,-1.735571401288555
2.0400448379265104,-1.6900017402073755
2.1146162338750223,-1.6408096797741702
2.163141874401812,-1.589179535990556
2.1923858834945045,-1.536014853802266
2.207928644829172,-1.4819707242134985
2.2139844336039074,-1.4275065182640962
2.213569264814236,-1.372937838235539
2.208771970275741,-1.3184791106200535
2.2010112215302735,-1.2642753893341911
2.191239944916639,-1.2104248817098893
2.180094667161809,-1.1569944211849212
2.1679996961197703,-1.104029909275285
2.1552379165630167,-1.0515632953143426
2.1419981980792087,-0.9996172212354087
2.1284068980905215,-0.9482081090752369
2.114548726888877,-0.8973482155400606
2.100480560264179,-0.8470470027199045
2.086240595822574,-0.7973120558640606
2.071854438181254,-0.748149700572423
2.057339156641068,-0.6995654199211291
2.0427060012786096,-0.6515641379477531
2.0279622285421492,-0.6041504135103838
2.0131123335531305,-0.5573285737855397
1.9981588854809424,-0.5111028069399607
1.9831030961824578,-0.4654772270725024
1.9679452087558515,-0.42045592024587675
1.9526847639166283,-0.3760429775763495
1.9373207830616206,-0.3322425194399655
1.9218518942204073,-0.28905871356963286
1.9062764186327388,-0.24649578894992996
1.8905924300142067,-0.20455804682797307
1.8747977947469616,-0.1632498697576844
1.8588901986425097,-0.12257572932046834
1.8428671641620187,-0.08254019297689497
1.826726060775497,-0.04314793037416376
1.8104641103141117,-0.004403719344440948
1.7940783885986304,0.033687548232891995
1.777565824230095,0.07112086057493983
1.7609231951512894,0.10789108004437664
1.7441471233918655,0.14399293702354543
1.7272340682707648,0.17942102354678258
1.7101803182291495,0.21416978663300845
1.6929819813935385,0.24823352126600867
1.6756349749137256,0.28160636297266356
1.6581350130776291,0.3142822799502879
1.6404775941712584,0.34625506469362183
1.6226579860236265,0.37751832507016414
1.6046712101515463,0.40806547478962174
1.586512024396265,0.4378897232093852
1.568174903921593,0.46698406441317003
1.5496540204207154,0.4953412654943072
1.5309432193553723,0.5229538539685796
1.5120359950259623,0.5498141042339603
1.4929254632437363,0.5759140229860075
1.4736043313459548,0.6012453334879261
1.4540648652611916,0.6257994585832743
1.4342988532941645,0.6495675023268395
1.4142975662569168,0.6725402300951587
1.394051713525173,0.6947080470222782
1.373551394544383,0.7160609745884451
1.3527860452485407,0.7365886251691962
1.33174437878525,0.756280174329469
1.3104143198617744,0.7751243306215665
1.2887829319376112,0.7931093026166299
1.2668363363884,0.8102227628663459
1.2445596226522322,0.8264518084543527
1.2219367482413654,0.8417829177547665
1.1989504273586167,0.8562019029677238
1.1755820066969516,0.8696938579482706
1.1518113268221182,0.8822431007845458
1.1276165673407401,0.893833110513324
1.1029740738403868,0.9044464572848072
1.0778581643547809,0.9140647252034191
1.0522409128594903,0.9226684269765577
1.0260919070464758,0.9302369093983578
0.999377977369079,0.9367482485802876
0.9720628941067022,0.9421791337151513
0.9441070289930646,0.9465047380267476
0.9154669778165796,0.9496985754161973
0.8860951403847804,0.9517323411714408
0.8559392544171234,0.9525757349647807
0.8249418803921965,0.9521962642339691
0.7930398352682049,0.9505590259394971
0.7601635745183255,0.9476264646354804
0.726236524351192,0.9433581048141492
0.6911743697016111,0.9377102556280479
0.6548843090959847,0.9306356864207426
0.6172642955196954,0.9220832720917712
0.5782022938688742,0.9119976083024649
0.5375756016691093,0.9003185980567384
0.49525030203391474,0.8869810134804696
0.45108094821830386,0.8719140399591289
0.4049106198219384,0.8550408145431839
0.3565715440986415,0.8362779771547498
0.3058865440928892,0.8155352621801288
0.25267165958762694,0.7927151701337365
0.19674038579543718,0.7677127748546645
0.1379100821935385,0.740415741633268
0.07601120521185023,0.7107046558449173
0.010900085346331134,0.6784537893345258
-0.05752404625060592,0.6435324606876028
-0.129297247327661,0.6058071709785371
-0.20436415933859198,0.5651447105178234
-0.28254708242889726,0.5214164222202775
-0.3635127382731832,0.4745037571217035
-0.44674029652692127,0.42430514915980494
-0.5314961340573007,0.3707440555450287
-0.6168224068005653,0.31377775592410706
-0.7015470224458537,0.2534062049012728
-0.7843210653107394,0.1896799514715784
-0.8636855353739995,0.12270597162126129
-0.9381627606121202,0.05265031016759891
-1.006360689711542,-0.02026324149121006
-1.0670731222711995,-0.09575861897434734
-1.1193582369884307,-0.17351658792088898
-1.1625823330877654,-0.25318632363231874
-1.1964239759110464,-0.334397949013164
-1.220842601317877,-0.4167745011124181
-1.2360220247259073,-0.4999420985868571
-1.2423016758430827,-0.5835375616199557
-1.2401070611597338,-0.6672132325036012
-1.2298874482378124,-0.7506391393370694
-1.212064750748723,-0.8335028840708382
-1.1869942401477638,-0.9155077248190423
-1.1549354964458702,-0.9963692991702494
-1.1160308934953553,-1.0758113461421712
-1.0702886016267947,-1.1535606678782773
-1.0175672577762778,-1.2293414537156058
-0.9575598608869132,-1.3028689828781492
-0.889774989009993,-1.3738426347295802
-0.8135141424422266,-1.4419380727341395
-0.727845110282792,-1.5067984404332866
-0.6315732035421865,-1.5680244385765705
-0.5232158560894457,-1.6251632917331151
-0.4009929169312626,-1.677696955465799
-0.2628571266563876,-1.725030629333021
-0.10660930715864747,-1.7664839917463206
0.06982873704003267,-1.8012899002671312
0.26788221346319985,-1.8286088227055295
0.4874355350075295,-1.8475714332481203
0.7256054756282102,-1.8573639412371232
0.9755109019905375,-1.8573644580427278
1.2258598417973352,-1.8473157035972583
1.4623738338435988,-1.8274803087813636
1.671243713830146,-1.7986964664453327
1.8430909368257444,-1.7622775241924842
1.9750737484890029,-1.7197833899713983
2.0701472495255455,-1.6727652135424278
2.1345834075201027,-1.6225804220354916
2.1754908272530455,-1.570311889280208
2.1992681862830135,-1.5167689439642036
2.2110032755924403,-1.4625303951059974
2.2144536168499935,-1.4079986525295687
2.212271903167735,-1.3534488329806273
2.206280303670525,-1.2990674394727981
2.1977105253305806,-1.244980606576085
2.187387842398485,-1.1912738496204494
2.1758629299140413,-1.138005528831374
2.1635028134223515,-1.085215898015714
2.1505522867874705,-1.0329331404982436
2.137174901036553,-0.9811773829803375
2.1234801586556653,-0.9299633641305104
2.109541517029561,-0.8793022117631767
2.095408310409626,-0.8292026298982987
2.0811136592505757,-0.7796716947470538
2.066679732563618,-0.7307153909192999
2.052121261562818,-0.6823389745136407
2.0374478950156774,-0.6345472204072008
2.022665784772061,-0.5873445917683123
2.0077786576575978,-0.5407353571079873
1.9927885431976762,-0.4947236717945208
1.9776962696781375,-0.44931363539542557
1.9625018035300745,-0.40450933251287646
1.9472044822287704,-0.3603148623092908
1.931803174445026,-0.31673436026340707
1.9162963902274806,-0.2737720145816219
1.900682356662474,-0.23143207893457707
1.8849590695310572,-0.18971888267614423
1.8691243281570595,-0.1486368393519979
1.8531757583847956,-0.10819045406522088
1.837110827088337,-0.0683843301015129
1.8209268505621132,-0.029223175102867316
1.8046209984183852,0.009288193000044687
1.7881902941160182,0.04714484014092202
1.7716316128960092,0.08434171023804404
1.7549416776544657,0.12087361918920625
1.7381170531107415,0.156735248666516
1.7211541385047004,0.19192113964788415
1.7040491589674738,0.22642568562951704
1.6867981556439107,0.2602431254681036
1.6693969745949526,0.2933675358034744
1.651841254469115,0.3257928230128323
1.6341264129006132,0.35751271464656287
1.616247631564761,0.3885207502933858
1.5981998397972088,0.4188102718193528
1.579977696660975,0.44837441292099156
1.5615755713229702,0.47720608792782027
1.5429875215789364,0.5052979797834671
1.524207270341752,0.532642527127715
1.5052281798821185,0.559231910393869
1.48604322358237,0.5850580368268733
1.46664495493262,0.610112524317372
1.447025473463464,0.6343866839354395
1.42717638726994,0.6578715010346607
1.4070887717371154,0.6805576147825818
1.3867531240274582,0.7024352959569793
1.366159312833418,0.7234944228286796
1.3452965228344116,0.7437244549305628
1.3241531932246555,0.7631144044884975
1.3027169495959354,0.7816528052630298
1.2809745283662715,0.7993276785201586
1.2589116928401645,0.8161264958151336
1.2365131398674514,0.8320361382342849
1.2137623959342345,0.8470428516959763
1.1906417013697386,0.861132197862176
1.1671318811858227,0.8742890001561868
1.1432122008805945,0.8864972843191392
1.118860205333454,0.8977402128670491
1.094051538696566,0.9080000127309875
1.0687597429487645,0.9172578952743455
1.0429560325260523,0.9254939677828371
1.016609042184647,0.9326871354142848
0.9896845449988719,0.9388149924763556
0.9621451371640569,0.9438537017717558
0.9339498860897602,0.9477778606133026
0.9050539381691591,0.9505603519683249
0.8754080826519924,0.9521721790475546
0.8449582683108505,0.9525822815150821
0.8136450701875668,0.951757331374155
0.7814031047981297,0.9496615064949133
0.7481603939846055,0.9462562397186407
0.7138376804410105,0.9414999415333736
0.678347702232018,0.9353476945169149
0.641594439946596,0.9277509181546028
0.6034723592581511,0.918657003356551
0.5638656846227698,0.9080089171543713
0.5226477579642078,0.8957447798292433
0.4796805611405,0.8817974193501147
0.4348145147884877,0.8660939117954258
0.3878887111090592,0.8485551217936759
0.3387317966538531,0.8290952644418417
0.2871637951156243,0.8076215202283459
0.23299924997775456,0.7840337478332712
0.1760521699297357,0.7582243568995295
0.1161433674927318,0.7300784243444766
0.05311087443179707,0.6994741633561001
-0.013175838344257285,0.6662838826857085
-0.08279716994269104,0.6303756022041619
-0.15575981000159078,0.5916155131605609
-0.23196839348390796,0.5498714786374835
-0.3111934516605631,0.5050177474778055
-0.39303811879442263,0.45694098605336436
-0.4769078405463346,0.40554759909752813
-0.5619891982076387,0.3507721030546114
-0.6472452867089277,0.2925860411615881
-0.7314349648607054,0.2310066279125627
-0.8131608447255237,0.16610405797924988
-0.8909457656193355,0.0980063140101739
-0.9633305043832924,0.026900454337229318
-1.0289787108915434,-0.046970207868583524
-1.0867712762505937,-0.12331297216149817
-1.1358735500839825,-0.2017958976690034
-1.1757649966832728,-0.2820599079715528
-1.206229760751155,-0.36373129036401053
-1.2273148877768572,-0.4464331374759142
-1.2392679747286381,-0.5297946630901035
-1.2424669614891362,-0.613457826773414
-1.237352469604776,-0.6970811724473295
-1.224369229695331,-0.7803411273036186
-1.2039192629681046,-0.862931189666594
-1.1763265144833812,-0.9445594778560679
-1.1418108378752971,-1.0249450602515333
-1.1004684405914267,-1.1038133840848383
-1.0522557921279367,-1.1808910009933453
-0.9969742721843687,-1.2558996720887587
-0.9342532953609953,-1.3285498351359504
-0.8635302355086792,-1.398533337149753
-0.7840262827349608,-1.4655152837466927
-0.6947186935991981,-1.5291248459751867
-0.5943123280265238,-1.5889449273424319
-0.4812179518772072,-1.644500791643142
-0.35355323085787405,-1.6952482037608863
-0.20919705463076588,-1.7405625415922015
-0.045951064097149996,-1.7797319973237746
0.13810747528747103,-1.81196073533985
0.34397503698660914,-1.8363917638264065
0.5706994872446548,-1.8521631932607256
0.8140896419685035,-1.8585116235790675
1.0656589004016352,-1.8549250005909528
1.3127669371806632,-1.8413174240997514
1.5408300008032494,-1.8181584640924209
1.7372181903509956,-1.7864759490775741
1.8947984826034179,-1.747701527804284
2.0130157211560165,-1.703419195115127
2.0963281127005136,-1.6551266815547319
2.1515516738233615,-1.6040874753148655
2.1856636166083394,-1.5512835389406932
2.204624247115652,-1.4974357745690794
2.2130295118089243,-1.4430537681659334
2.214210751847116,-1.3884892870163137
2.2104930958437072,-1.3339819011024368
2.203462887518214,-1.2796937795300871
2.194188330214086,-1.225734640073623
2.1833837799434046,-1.1721790091579942
2.171525574727618,-1.1190779171723637
2.158931221704075,-1.066466732460292
2.1458126007145255,-1.0143703790863312
2.1323113772472504,-0.9628068054028994
2.1185224711469166,-0.9117892910737541
2.104509591563071,-0.8613279849054646
2.090315529521927,-0.8114309333730699
2.0759689926370597,-0.7621047713835626
2.0614891579562307,-0.7133551884347497
2.0468887160658156,-0.6651872449029302
2.0321759147097564,-0.6176055879363992
2.0173559365755094,-0.5706145998176334
2.002431832165119,-0.5242185007053654
1.9874051540690085,-0.47842142042729796
1.9722763899149283,-0.4332274491905709
1.9570452589216658,-0.38864067387759216
1.9417109155824002,-0.34466520445500015
1.926272089781238,-0.30130519358617436
1.9107271831584827,-0.2585648515680289
1.8950743351826471,-0.21644845805576607
1.8793114681083884,-0.17496037159212596
1.8634363171064674,-0.13410503765209414
1.8474464498866718,-0.09388699570441295
1.8313392787933689,-0.054310885646911666
1.8151120674331898,-0.015381453873037465
1.7987619332599798,0.022896440841946086
1.782285847102045,0.060517821494299184
1.7656806303096844,0.09747758693678799
1.7489429499849523,0.13377050580995842
1.7320693126023883,0.16939121024959736
1.7150560562193566,0.20433418931030023
1.6978993413944685,0.23859378205132975
1.6805951408728705,0.2721641702344353
1.6631392280516142,0.30503937058470687
1.6455271642022995,0.3372132265653172
1.6277542843984707,0.3686793996154835
1.6098156820695542,0.39943135979836014
1.5917061920796987,0.42946237580195895
1.5734203722075364,0.4587655042316941
1.5549524828805361,0.48733357812773387
1.5362964649944397,0.5151591946340358
1.5174459156237403,0.5422347017386655
1.4983940614024238,0.5685521839967269
1.4791337293248106,0.5941034471378087
1.4596573146836742,0.6188800014492103
1.4399567458262452,0.6428730438141808
1.4200234453675773,0.6660734382708242
1.3998482874543843,0.6884716949419836
1.3794215506200473,0.7100579471691296
1.3587328657121451,0.7308219266637348
1.337771158306737,0.7507529364675608
1.3165245849475673,0.769839821488354
1.2949804624622927,0.7880709363492993
1.273125189510522,0.8054341102587527
1.250944159408533,0.8219166085708101
1.2284216631517528,0.8375050906666365
1.2055407814168841,0.8521855637406001
1.1822832641698435,0.8659433320234615
1.1586293963321548,0.878762940916519
1.1345578477664051,0.8906281154449265
1.1100455056306853,0.9015216923646832
1.0850672869233222,0.9114255451752642
1.0595959287951067,0.9203205011978867
1.0336017539511413,0.9281862497774189
1.0070524082063308,0.9350012405536424
0.9799125670102415,0.9407425706251311
0.9521436075383192,0.9453858592971045
0.9237032427869466,0.9489051089650573
0.8945451140532976,0.9512725505418895
0.8646183382907358,0.9524584716930249
0.8338670071973547,0.9524310260099056
0.8022296356477643,0.9511560211400768
0.7696385583970933,0.9485966838205907
0.7360192761229768,0.9447133997581085
0.7012897551734474,0.9394634264031774
0.6653596903311648,0.932800576933305
0.6281297471299937,0.9246748742674741
0.5894908106265074,0.9150321747913592
0.5493232821629299,0.9038137628248661
0.507496486005583,0.8909559189101816
0.46386827560453864,0.8763894680027188
0.4182849667376304,0.8600393179514422
0.3705817743427732,0.8418240046923201
0.3205839936893231,0.8216552688767718
0.26810924623387244,0.7994376998230436
0.21297120562767768,0.7750684973474331
0.15498532542337673,0.7484374207499778
0.09397719527297532,0.71942701722945
0.02979423300239159,0.6879132488249116
-0.03767856582554141,0.6537666658752639
-0.10849821674028015,0.6168543020787141
-0.18263840979569357,0.5770424845108469
-0.25995965564412293,0.5342007503630722
-0.3401764229122658,0.48820702536977567
-0.4228243301608622,0.43895412886643687
-0.5072323222348999,0.386357511101497
-0.5925065233414611,0.3303638945937422
-0.6775333787249257,0.27096020090537065
-0.7610088306337729,0.20818184954831281
-0.8414968588017105,0.14211930507658455
-0.9175147619581451,0.0729217271052146
-0.987635347004656,0.0007968265114396411
-1.0505901846103507,-0.07399344667472885
-1.105355947128111,-0.1511410652604145
-1.151208958136956,-0.23030294369657056
-1.1877405744846872,-0.31111336492851327
-1.2148350666505507,-0.3931962528084102
-1.2326190001506387,-0.4761759511993059
-1.2413946831873832,-0.5596856162724019
-1.2415698588740134,-0.6433728350128617
-1.2335927553898678,-0.7269025148064808
-1.21789758785245,-0.8099573736572773
-1.194861986295051,-0.892236489075401
-1.164775272600779,-0.9734523676449295
-1.1278151034347803,-1.0533269225574524
-1.0840294889898092,-1.1315866344971726
-1.0333212572885486,-1.2079570514790934
-0.9754323901362963,-1.2821566725013813
-0.9099261609787807,-1.3538901666084597
-0.8361656512385617,-1.4228408084700002
-0.7532881703115443,-1.4886619721322978
-0.660176739978333,-1.5509675350721146
-0.555432855943354,-1.6093211457199121
-0.43736046921145266,-1.663224578976334
-0.30398151444322197,-1.7121059900554583
-0.15312088645518995,-1.7553100134570108
0.017374905722663203,-1.7920936686113969
0.20919084912994534,-1.821635218702141
0.4227633808420227,-1.8430672603994789
0.6561344389242402,-1.8555485055589598
0.9036603210039117,-1.8583857146732208
1.1552572899632951,-1.8511996619335314
1.397221775253056,-1.834093195512795
1.6151840116256369,-1.8077435310378744
1.79816881050753,-1.7733477783402214
1.9414280671191158,-1.7324226103857452
2.046476154061808,-1.68654485109523
2.118919424603863,-1.637139850801014
2.165832588941033,-1.585371473650342
2.1939134285076802,-1.5321237641138423
2.208643363792635,-1.4780357901374686
2.2141419419301713,-1.4235548515649237
2.21334866342608,-1.3689879245396095
2.2082957255398217,-1.3145434666187508
2.2003618979921056,-1.260362479914488
2.190472787160716,-1.2065404509119806
2.1792465173936644,-1.15314239583065
2.1670951087266483,-1.100213004862785
2.1542932729009943,-1.0477834197281903
2.141024447464404,-0.9958757431164721
2.1274113747767975,-0.9445060362719663
2.1135363527208537,-0.893686314008533
2.0994546412584696,-0.8434258760001526
2.08520335090497,-0.7937321984206819
2.070807351213611,-0.7446115337637748
2.056283211655175,-0.6960693163835477
2.0416418403002825,-0.6481104382240118
2.026890257927806,-0.6007394374643794
2.012032795943478,-0.5539606284970789
1.9970719086944602,-0.5077781922130481
1.9820087265716593,-0.46219623931890375
1.9668434340449092,-0.41721885525835856
1.951575528882373,-0.37285013254065
1.9362040003199685,-0.32909419442355303
1.9207274516468833,-0.2859552126504854
1.905144184454668,-0.2434374210978868
1.8894522562818081,-0.2015451266167555
1.8736495196674139,-0.16028271796213878
1.8577336481095683,-0.11965467343744718
1.8417021527104127,-0.07966556769708799
1.825552392118535,-0.04032007802452531
1.8092815775741047,-0.0016229903155570158
1.7928867743059478,0.03642079506381668
1.7763649001430806,0.07380625741733204
1.759712721932709,0.11052824975737485
1.7429268501658266,0.14658149266368314
1.7260037320756574,0.18196056789582826
1.7089396433760162,0.2166599117020097
1.6917306787347888,0.25067380777186654
1.674372741023644,0.2839963797836925
1.6568615293434392,0.316621583497214
1.6391925257912763,0.34854319834238134
1.621360980907151,0.3797548184526843
1.6033618977134239,0.41024984308851403
1.5851900142374322,0.4400214663921756
1.566839784385288,0.4690626664113
1.5483053570123997,0.49736619332170046
1.5295805530126394,0.5249245567740533
1.5106588402228112,0.5517300122811775
1.4915333059114952,0.5777745465539935
1.4721966265908313,0.603049861684428
1.4526410348558265,0.6275473580623792
1.4328582829176406,0.6512581159013165
1.412839602454421,0.6741728752328986
1.392575660354762,0.696282014214973
1.3720565098741426,0.7175755255792773
1.3512715366626256,0.7380429910247388
1.3302093990519646,0.7576735533392354
1.3088579619107137,0.7764558860066484
